Adjustment disorders (incl subtypes)	Adjustment disorder with anxiety	Adjustment disorder with depressed mood	Adjustment disorder with disturbance of conduct	Adjustment disorder with mixed anxiety and depressed mood	Adjustment disorder with mixed disturbance of emotion and conduct	Grief reaction	Adjustment disorder	
Anxiety disorders and symptoms	Agitation	Agitation neonatal	Akathisia	Anticipatory anxiety	Anxiety	Nervousness	Stress	Tension	Anxiety postoperative	Agitation postoperative	Pseudoangina	Activation syndrome	Acute stress disorder	Post-traumatic stress disorder	Postpartum stress disorder	Burnout syndrome	Acrophobia	Agoraphobia	Animal phobia	Claustrophobia	Fear	Fear of animals	Fear of closed spaces	Fear of disease	Fear of open spaces	Fear of weight gain	Performance fear	Phobia	Phobia of exams	Phobia of flying	Phobic avoidance	Social fear	Social phobia	Fear of falling	Dysmorphophobia	Ochlophobia	Phagophobia	Fear of crowded places	Fear of eating	Arachnophobia	Hydrophobia	Phonophobia	Phobia of driving	Noctiphobia	Nocturnal fear	Osmophobia	Nosophobia	Photaugiaphobia	Thanatophobia	Fear of death	Fear of pregnancy	Haphephobia	Fear of needles	Paruresis	Pharmacophobia	Emetophobia	Autophobia	Limited symptom panic attack	Panic attack	Panic disorder	Panic disorder without agoraphobia	Panic reaction	Panic disorder with agoraphobia	Obsessive thoughts	Compulsions	Obsessive-compulsive disorder	Compulsive handwashing	Paediatric autoimmune neuropsychiatric disorders associated with streptococcal infection	Anxiety disorder due to a general medical condition	Generalised anxiety disorder	Neurosis	Postpartum neurosis	Anxiety disorder	
Changes in physical activity	Catatonia	Decreased activity	Psychomotor hyperactivity	Restlessness	Automatism	Automatism epileptic	Automatism, command	Bruxism	Echolalia	Head banging	Posturing	Stereotypy	Waxy flexibility	Echopraxia	Tic	Tourette's disorder	
Cognitive and attention disorders and disturbances	Attention deficit/hyperactivity disorder	Atypical attention deficit syndrome	Oppositional defiant disorder	Conduct disorder	Change in sustained attention	Distractibility	Disturbance in attention	Mental impairment	Lennox-Gastaut syndrome	Borderline mental impairment	Daydreaming	Cognitive disorder	Cerebellar cognitive affective syndrome	Minor cognitive motor disorder	Executive dysfunction	Reading disorder	Learning disorder	Cri du Chat syndrome	Fragile X syndrome	Galactosaemia	Mental retardation	Mild mental retardation	Moderate mental retardation	Phenylketonuria	Prader-Willi syndrome	Profound mental retardation	Rubinstein-Taybi syndrome	Severe mental retardation	Trisomy 21	Trisomy 22	Sjogren-Larsson syndrome	Cohen syndrome	Williams syndrome	Wolf-Hirschhorn syndrome	Langer-Giedion syndrome	Oculocerebrorenal syndrome	Osteoporosis-pseudoglioma syndrome	Greig's syndrome	Trisomy 18	Trisomy 17	Laurence-Moon-Bardet-Biedl syndrome	Dubowitz syndrome	Schinzel-Giedion syndrome	Kabuki make-up syndrome	CHARGE syndrome	Velo-cardio-facial syndrome	Adiposogenital dystrophy	Tetrahydrobiopterin deficiency	Norrie's disease	Trisomy 14	Mevalonic aciduria	Familial scaphocephaly syndrome	Acalculia	Agraphia	Alexia	Aphasia	Apraxia	Dyslexia	Neurologic neglect syndrome	Gerstmann's syndrome	Agnosia	Hemiapraxia	Dyscalculia	Amusia	Central auditory processing disorder	Anosognosia	Symbolic dysfunction	Alien limb syndrome	
Communication disorders and disturbances	Aphonia	Deaf mutism	Expressive language disorder	Mixed receptive-expressive language disorder	Mutism	Phonological disorder	Selective mutism	Speech disorder developmental	Communication disorder	Posterior fossa syndrome	Cerebellar mutism	Clang associations	Logorrhoea	Neologism	Repetitive speech	Speech disorder	Verbigeration	Taciturnity	Idioglossia	Slow speech	Cluttering	Coprolalia	Dysarthria	Dyslalia	Dysphonia	Dysprosody	Lack of spontaneous speech	Poverty of speech	Pressure of speech	Screaming	Dysphemia	
Deliria (incl confusion)	Confusional state	Disorientation	Confusion postoperative	Delirium	Delirium tremens	Delirium febrile	
Dementia and amnestic conditions	Dementia Alzheimer's type	Dementia of the Alzheimer's type, uncomplicated	Dementia of the Alzheimer's type, with delirium	Dementia of the Alzheimer's type, with delusions	Dementia of the Alzheimer's type, with depressed mood	Presenile dementia	Alcohol induced persisting dementia	Post-traumatic amnestic disorder	Amnestic disorder	Korsakoff's syndrome	Wernicke-Korsakoff syndrome	Amnesia	Anterograde amnesia	Memory impairment	Paramnesia	Retrograde amnesia	Transient global amnesia	Creutzfeldt-Jakob disease	Dementia	Kuru	Senile dementia	Pseudodementia	Baltic myoclonic epilepsy	Fahr's disease	Variant Creutzfeldt-Jakob disease	AIDS dementia complex	Membranous lipodystrophy	Behavioural and psychiatric symptoms of dementia	Dementia with Lewy bodies	Frontotemporal dementia	Gerstmann Straussler Scheinker syndrome	Sneddon's syndrome	Vascular dementia	Vascular encephalopathy	
Depressed mood disorders and disturbances	Agitated depression	Depression	Depression postoperative	Depression suicidal	Dysthymic disorder	Postpartum depression	Major depression	Menopausal depression	Childhood depression	Post stroke depression	Postictal depression	Anhedonia	Decreased interest	Depressed mood	Feeling of despair	Feelings of worthlessness	Morose	Psychomotor retardation	Tearfulness	Feeling guilty	Depressive symptom	Negative thoughts	
Developmental disorders NEC	Developmental coordination disorder	Psychomotor skills impaired	Fine motor delay	Gross motor delay	Motor developmental delay	Asperger's disorder	Autism	Childhood disintegrative disorder	Rett's disorder	Autism spectrum disorder	Neurodevelopmental disorder	
Dissociative disorders	Depersonalisation	Dissociation	Dissociative amnesia	Dissociative disorder	Dissociative fugue	Dissociative identity disorder	
Disturbances in thinking and perception	Delusion	Delusion of grandeur	Delusion of reference	Delusion of replacement	Delusions, mixed	Erotomanic delusion	Jealous delusion	Persecutory delusion	Somatic delusion	Thought insertion	Thought withdrawal	Thought broadcasting	Cotard's syndrome	Depressive delusion	Deja vu	Delusional perception	Derealisation	Flashback	Formication	Hallucination	Hallucination, auditory	Hallucination, gustatory	Hallucination, olfactory	Hallucination, tactile	Hallucination, visual	Hallucinations, mixed	Illusion	Jamais vu	Somatic hallucination	Hallucination, synaesthetic	Paroxysmal perceptual alteration	Charles Bonnet syndrome	Circumstantiality	Confabulation	Derailment	Flight of ideas	Ideas of reference	Illogical thinking	Loose associations	Magical thinking	Perseveration	Poverty of thought content	Tangentiality	Thinking abnormal	Thought blocking	Bradyphrenia	Morbid thoughts	Obsessive rumination	Intellectualisation	Tachyphrenia	Impaired reasoning	Incoherent	
Eating disorders and disturbances	Purging	Self-induced vomiting	Food hoarding	Eating disorder symptom	Anorexia and bulimia syndrome	Anorexia nervosa	Binge eating	Bulimia nervosa	Eating disorder	Feeding disorder of infancy or early childhood	Hyperphagia	Merycism	Pica	Food aversion	Aphagia	Food craving	Appetite disorder	Feeding disorder	Hypophagia	Lack of satiety	
Impulse control disorders NEC	Impulsive behaviour	Intermittent explosive disorder	Kleptomania	Pathological gambling	Poriomania	Pyromania	Trichotillomania	Onychophagia	Impulse-control disorder	Necromania	Dermatillomania	Compulsive lip biting	Nail picking	Compulsive shopping	Compulsive hoarding	
Manic and bipolar mood disorders and disturbances	Bipolar I disorder	Bipolar II disorder	Cyclothymic disorder	Bipolar disorder	Hypomania	Mania	
Mood disorders and disturbances NEC	Blunted affect	Constricted affect	Flat affect	Inappropriate affect	Affect lability	Anger	Crying	Diencephalic syndrome of infancy	Dysphoria	Elevated mood	Emotional disorder	Euphoric mood	Moaning	Mood altered	Premenstrual syndrome	Steroid withdrawal syndrome	Emotional distress	Frustration	Emotional poverty	Mood swings	Affective disorder	Apathy	Lethargy	Listless	Mood disorder due to a general medical condition	Seasonal affective disorder	Boredom	Laziness	Substance-induced mood disorder	
Personality disorders and disturbances in behaviour	Aggression	Antisocial behaviour	Asocial behaviour	Attention-seeking behaviour	Belligerence	Disinhibition	Grandiosity	Hostility	Indifference	Inferiority complex	Irritability	Judgement impaired	Negativism	Paranoia	Personality change	Social avoidant behaviour	Soliloquy	Suspiciousness	Violence-related symptom	Homicidal ideation	Impatience	Disturbance in social behaviour	Aversion	Suggestibility	Stubbornness	Pseudologia	Overconfidence	Egocentrism	Personality disorder	Pithiatism	Self esteem decreased	Self esteem inflated	Avoidant personality disorder	Dependent personality disorder	Obsessive-compulsive personality disorder	Antisocial personality disorder	Borderline personality disorder	Histrionic personality disorder	Narcissistic personality disorder	Psychopathic personality	Paranoid personality disorder	Schizoid personality disorder	Schizotypal personality disorder	
Psychiatric and behavioural symptoms NEC	Breath holding	Staring	Regressive behaviour	Abnormal behaviour	Sexually inappropriate behaviour	Choking sensation	Hyperventilation	Neglect of personal appearance	Throat tightness	Trance	Hypervigilance	Abulia	Impaired self-care	Gulf war syndrome	Post concussion syndrome	Psychiatric symptom	Exaggerated startle response	Psychiatric decompensation	Toe walking	Decreased eye contact	Psychological trauma	
Psychiatric disorders NEC	Congenital brain damage	Cushing's syndrome	Cushingoid	Personality change due to a general medical condition	Porphyria acute	Thyrotoxic crisis	Water intoxication	Perinatal brain damage	Mental disorder due to a general medical condition	Neuropsychiatric lupus	Brain injury	Neuropsychiatric syndrome	Altered state of consciousness	Psychological factor affecting medical condition	Mental status changes	Mental status changes postoperative	Dyslogia	Mental disorder	Emotional disorder of childhood	Failure to thrive	Neurotic disorder of childhood	Personality disorder of childhood	Reactive attachment disorder of infancy or early childhood	School refusal	Encopresis	Enuresis	Alcohol abuse	Alcohol problem	Alcoholic hangover	Alcoholism	Dependence	Drug abuse	Drug dependence	Drug dependence, antepartum	Drug dependence, postpartum	Drug withdrawal syndrome	Drug withdrawal syndrome neonatal	Intentional overdose	Tobacco abuse	Withdrawal syndrome	Alcohol withdrawal syndrome	Polysubstance dependence	Nicotine dependence	Tobacco withdrawal symptoms	Neonatal complications of substance abuse	Multiple drug overdose intentional	Intentional drug misuse	Substance abuse	Dopamine dysregulation syndrome	Binge drinking	
Schizophrenia and other psychotic disorders	Brief psychotic disorder, with postpartum onset	Brief psychotic disorder with marked stressors	Transient psychosis	Brief psychotic disorder without marked stressors	Alice in wonderland syndrome	Delusional disorder, erotomanic type	Delusional disorder, grandiose type	Delusional disorder, jealous type	Delusional disorder, mixed type	Delusional disorder, somatic type	Delusional disorder, unspecified type	Delusional disorder, persecutory type	Acute psychosis	Alcoholic psychosis	Psychotic behaviour	Senile psychosis	Shared psychotic disorder	Reactive psychosis	Epileptic psychosis	Childhood psychosis	Psychotic disorder	Psychotic disorder due to a general medical condition	Hysterical psychosis	Psychosis postoperative	Postictal psychosis	Substance-induced psychotic disorder	Schizoaffective disorder	Schizophreniform disorder	Schizoaffective disorder bipolar type	Schizoaffective disorder depressive type	Schizophrenia	Schizophrenia simple	Schizophrenia, catatonic type	Schizophrenia, disorganised type	Schizophrenia, paranoid type	Schizophrenia, residual type	Schizophrenia, undifferentiated type	
Sexual dysfunctions, disturbances and gender identity disorders	Anorgasmia	Female orgasmic disorder	Male orgasmic disorder	Orgasm abnormal	Premature ejaculation	Orgasmic sensation decreased	Exhibitionism	Fetishism	Frotteurism	Masochism	Paedophilia	Paraphilia	Sadism	Transvestism	Voyeurism	Psychosexual disorder	Gender identity disorder	Erection increased	Inadequate lubrication	Sexual inhibition	Organic erectile dysfunction	Psychogenic erectile dysfunction	Disturbance in sexual arousal	Erectile dysfunction	Female sexual arousal disorder	Excessive masturbation	Libido decreased	Libido increased	Loss of libido	Sexual aversion disorder	Excessive sexual fantasies	Libido disorder	Hypersexuality	Kluver-Bucy syndrome	Compulsive sexual behaviour	Dyspareunia	Sexual dysfunction	Vaginismus	Female sexual dysfunction	Male sexual dysfunction	Painful ejaculation	
Sleep disorders and disturbances	Terminal insomnia	Initial insomnia	Insomnia	Middle insomnia	Hyposomnia	Behavioural insomnia of childhood	Breathing-related sleep disorder	Hypersomnia	Pickwickian syndrome	Sleep apnoea syndrome	Somnolence	Somnolence neonatal	Stupor	Dyssomnia	Poor quality sleep	Upper airway resistance syndrome	Periodic limb movement disorder	Cataplexy	Hypnagogic hallucination	Hypnopompic hallucination	Narcolepsy	Sleep attacks	Sleep paralysis	Abnormal dreams	Nightmare	Rapid eye movements sleep abnormal	Sleep talking	Sleep terror	Somnambulism	Abnormal sleep-related event	Parasomnia	Loss of dreaming	Sleep-related eating disorder	Sleep sex	Sleep inertia	Confusional arousal	Sleep disorder due to general medical condition, hypersomnia type	Sleep disorder due to general medical condition, insomnia type	Sleep disorder due to general medical condition, mixed type	Sleep disorder due to general medical condition, parasomnia type	Sleep disorder due to a general medical condition	Sleep disorder	Hypersomnia-bulimia syndrome	Sopor	Hypersomnia related to another mental condition	Insomnia related to another mental condition	Advanced sleep phase	Circadian rhythm sleep disorder	Delayed sleep phase	Irregular sleep phase	Sleep phase rhythm disturbance	
Somatoform and factitious disorders	Compensation neurosis	Munchausen's syndrome	Factitious disorder	Aphonia psychogenic	Blindness hysterical	Conversion disorder	Dysphonia psychogenic	Hypochondriasis	Irritable bowel syndrome	Polydipsia psychogenic	Psychogenic dysuria	Psychogenic pain disorder	Somatisation disorder	Somatoform disorder cardiovascular	Somatoform disorder gastrointestinal	Somatoform disorder pregnancy	Somatoform disorder skin	Torticollis psychogenic	Vomiting psychogenic	Psychosomatic disease	Body dysmorphic disorder	Colitis psychogenic	Somatoform disorder	Somatoform disorder neurologic	Pseudoneurologic symptom	Device psychogenic complication	Psychogenic movement disorder	Psychogenic tremor	
Suicidal and self-injurious behaviours NEC	Completed suicide	Intentional self-injury	Suicidal ideation	Suicide attempt	Self-injurious ideation	Self injurious behaviour	Suicidal behaviour	
Central nervous system infections and inflammations	Amoebic brain abscess	Bacterial abscess central nervous system	Brain abscess	Dural abscess	Fungal abscess central nervous system	Intraspinal abscess	Subdural empyema	Tuberculous abscess central nervous system	Central nervous system abscess	Extradural abscess	Subarachnoid abscess	Paraspinal abscess	Arachnoiditis	Cerebral sarcoidosis	CNS ventriculitis	Ependymitis	Gliosis	Progressive multifocal leukoencephalopathy	Epiduritis	Central nervous system inflammation	Encephalitis	Encephalitis haemorrhagic	Encephalitis post immunisation	Encephalitis post varicella	Encephalitis post measles	Encephalitis toxic	Encephalomyelitis	Kuru	Lupus encephalitis	Subacute sclerosing panencephalitis	Encephalitis brain stem	Encephalitis lethargica	Encephalitis allergic	Paraneoplastic encephalomyelitis	Rasmussen encephalitis	Encephalitis autoimmune	Congenital syphilitic encephalitis	Encephalitis meningococcal	Listeria encephalitis	Coccidioides encephalitis	Naegleria infection	Cerebral toxoplasmosis	Encephalitic infection	Encephalitis protozoal	Encephalitis rickettsial	Meningoencephalitis amoebic	Cerebral malaria	Encephalitis fungal	Balamuthia infection	Parasitic encephalitis	Lyme disease	Neurosyphilis	Polyneuropathy mumps	Cerebral fungal infection	Neurological infection	Cerebral aspergillosis	Neuroborreliosis	Tuberculoma of central nervous system	Panencephalitis	Post viral fatigue syndrome	Neurocysticercosis	Central nervous system enteroviral infection	Central nervous system infection	Central nervous system viral infection	Herpes zoster infection neurological	Tuberculosis of central nervous system	Rubella infection neurological	Neurocryptococcosis	Meningitis	Meningitis aseptic	Meningitis chemical	Meningitis eosinophilic	Meningitis trypanosomal	Meningitis toxoplasmal	Pachymeningitis	Meningitis noninfective	Meningitis neonatal	Chronic infantile neurological cutaneous and articular syndrome	Angiostrongylus infection	Congenital syphilitic meningitis	Meningitis bacterial	Meningitis enterococcal	Meningitis gonococcal	Meningitis haemophilus	Meningitis leptospiral	Meningitis listeria	Meningitis meningococcal	Meningitis pneumococcal	Meningitis salmonella	Meningitis staphylococcal	Meningitis streptococcal	Meningitis tuberculous	Meningitis borrelia	Meningoencephalitis bacterial	Meningitis cronobacter	Meningitis candida	Meningitis coccidioides	Meningitis cryptococcal	Meningitis fungal	Meningitis histoplasma	Choriomeningitis lymphocytic	Meningitis coxsackie viral	Meningitis echo viral	Meningitis enteroviral	Meningitis herpes	Meningitis mumps	Meningitis viral	Bulbar poliomyelitis	Myelitis	Myelitis transverse	Poliomyelitis	Post polio syndrome	Spinal cord infection	Poliomyelitis post vaccine	Noninfectious myelitis	Viral myelitis	Central European encephalitis	Encephalitis australia	Encephalitis california	Encephalitis cytomegalovirus	Encephalitis eastern equine	Encephalitis herpes	Encephalitis Japanese B	Encephalitis mumps	Encephalitis venezuelan equine	Encephalitis viral	Encephalitis western equine	Encephalomyelitis rubella	Louping ill	Meningoencephalitis adenoviral	Meningoencephalitis herpetic	Polioencephalitis	Rabies	St. Louis encephalitis	Murray Valley encephalitis	Russian spring-summer encephalitis	West Nile viral infection	Encephalitis influenzal	Encephalitis enteroviral	Yellow fever vaccine-associated neurotropic disease	
Central nervous system vascular disorders	Carotid artery aneurysm	Cerebral aneurysm ruptured syphilitic	Intracranial aneurysm	Wyburn Mason's syndrome	Carotid artery dissection	Charcot-Bouchard microaneurysms	Vertebral artery dissection	Brain stem haemorrhage	Brain stem infarction	Brain stem ischaemia	Carotid arterial embolus	Carotid artery thrombosis	Cerebellar artery thrombosis	Cerebellar haemorrhage	Cerebellar infarction	Cerebral arteriovenous malformation haemorrhagic	Cerebral artery embolism	Cerebral artery occlusion	Cerebral artery thrombosis	Cerebral haemorrhage	Cerebral haemorrhage neonatal	Cerebral infarction	Cerebral infarction foetal	Cerebral ischaemia	Cerebral thrombosis	Cerebrovascular accident	Embolic stroke	Haemorrhage intracranial	Haemorrhagic cerebral infarction	Haemorrhagic stroke	Intracranial tumour haemorrhage	Intraventricular haemorrhage	Intraventricular haemorrhage neonatal	Lateral medullary syndrome	Pituitary infarction	Precerebral artery occlusion	Ruptured cerebral aneurysm	Subarachnoid haemorrhage	Subarachnoid haemorrhage neonatal	Subdural haemorrhage neonatal	Thrombotic stroke	Spinal haematoma	Basilar artery occlusion	Carotid artery occlusion	Vertebral artery occlusion	Spinal epidural haemorrhage	Pituitary haemorrhage	Cerebral haemorrhage foetal	Carotid aneurysm rupture	Meningorrhagia	Cerebellar artery occlusion	Cerebral haematoma	Haemorrhagic transformation stroke	Intraoperative cerebral artery occlusion	Vertebral artery thrombosis	Thalamus haemorrhage	Putamen haemorrhage	Intracranial haematoma	Stroke in evolution	Embolic cerebral infarction	Ischaemic cerebral infarction	Cerebellar haematoma	Ischaemic stroke	Brain stem thrombosis	Basilar artery thrombosis	Thalamic infarction	Post procedural stroke	Basal ganglia haemorrhage	Cerebellar embolism	Thrombotic cerebral infarction	Cerebellar ischaemia	Brain stem stroke	Basal ganglia infarction	Lacunar infarction	Post stroke depression	Cerebral septic infarct	Inner ear infarction	Cerebral gas embolism	Basal ganglia stroke	Central nervous system haemorrhage	Basilar artery stenosis	Carotid artery stenosis	Cerebral arteritis	Cerebral circulatory failure	Cerebrovascular disorder	Moyamoya disease	Spinal vessel congenital anomaly	Temporal arteritis	Vasculitis cerebral	Vertebral artery stenosis	Vertebrobasilar insufficiency	Spinal artery embolism	Wallenberg syndrome	Cerebrovascular spasm	Foetal cerebrovascular disorder	Sneddon's syndrome	Cerebrovascular arteriovenous malformation	Blood brain barrier defect	Cerebrovascular insufficiency	Cerebral vasoconstriction	Fahr's disease	Spinal vascular disorder	Carotid artery disease	Cerebrovascular stenosis	Cerebral artery stenosis	Vascular encephalopathy	Cerebral hyperperfusion syndrome	Carotid artery insufficiency	Cerebral hypoperfusion	Cerebral arteriosclerosis	Carotid arteriosclerosis	Dural fistula	Cerebral microangiopathy	PHACES syndrome	Cerebral amyloid angiopathy	Superficial siderosis of central nervous system	Cerebral small vessel ischaemic disease	Cerebral haemosiderin deposition	Cerebral microhaemorrhage	Brain stem microhaemorrhage	Cerebellar microhaemorrhage	Spinal artery thrombosis	Internal carotid artery kinking	Vertebrobasilar dolichoectasia	Susac's syndrome	Amyloid related imaging abnormality-Oedema/Effusion	Cavernous sinus thrombosis	Cerebral venous thrombosis	Superior sagittal sinus thrombosis	Transverse sinus thrombosis	Intracranial venous sinus thrombosis	Amaurosis fugax	Subclavian steal syndrome	Transient ischaemic attack	Reversible ischaemic neurological deficit	Capsular warning syndrome	Cerebral haemorrhage traumatic	Extradural haematoma	Subdural haematoma	Subdural haemorrhage	Traumatic intracranial haemorrhage	
Congenital and peripartum neurological conditions	Ataxia telangiectasia	Cockayne's syndrome	Congenital central nervous system anomaly	Diastematomyelia	Diencephalic syndrome of infancy	Duane's syndrome	Meningomyelocele	Porphyria acute	Spina bifida	Spina bifida occulta	Sturge-Weber syndrome	Trisomy 13	Tuberous sclerosis	Brain malformation	Phakomatosis	Angelman's syndrome	Lipomeningocele	Holoprosencephaly	De Lange's syndrome	Rathke's cleft cyst	Congenital spinal cord anomaly	Amaurotic familial idiocy	Congenital cerebrovascular anomaly	Basal cell naevus syndrome	Vertebral artery hypoplasia	Spina bifida cystica	Craniolacunia	Encephalocele	Intracranial lipoma	Congenital neurological degeneration	Familial amyloidosis	Familial periodic paralysis	Familial tremor	Hereditary neuropathic amyloidosis	Hereditary spastic paraplegia	Moebius II syndrome	Morning glory syndrome	Riley-Day syndrome	Tay-Sachs disease	Tourette's disorder	Congenital facial nerve hypoplasia	Neural tube defect	Hyperexplexia	Congenital optic nerve anomaly	Lowry-Wood syndrome	Neuropathy, ataxia, retinitis pigmentosa syndrome	Anencephaly	Cerebral palsy	Craniorachischisis	Foetal alcohol syndrome	Hepato-lenticular degeneration	Iniencephaly	Menkes' syndrome	Porencephaly	Rett's disorder	Pachygyria	Lissencephaly	Cerebral dysgenesis	Caudal regression syndrome	Hereditary cerebral degeneration	Septum pellucidum agenesis	Alpers' disease	Periventricular nodular heterotopia	Microencephaly	Cortical dysplasia	Subependymal nodular heterotopia	Arnold-Chiari malformation	Cerebellar hypoplasia	Friedreich's ataxia	Primary cerebellar degeneration	Progressive cerebellar degeneration	Von Hippel-Lindau disease	Congenital cerebellar agenesis	Peroneal muscular atrophy	Hereditary neuropathy with liability to pressure palsies	Duchenne muscular dystrophy	Myotonic dystrophy	Glycogen storage disease type V	Muscular dystrophy	Myotonia congenita	Becker's muscular dystrophy	Facioscapulohumeral muscular dystrophy	Metabolic myopathy	Glycogen storage disease type II	Glycogen storage disease type III	Glycogen storage disease type VII	Rippling muscle disease	
Cranial nerve disorders (excl neoplasms)	XIth nerve injury	XIth nerve paralysis	Accessory nerve disorder	Deafness neurosensory	Deafness permanent	Deafness transitory	Tinnitus	VIIIth nerve injury	VIIIth nerve lesion	Acoustic neuritis	Neurosensory hypoacusis	Mixed deafness	Auditory neuropathy spectrum disorder	Cranial nerve injury secondary to birth trauma	Cranial nerve palsies multiple	Neuritis cranial	Tolosa-Hunt syndrome	Auriculotemporal syndrome	Cranial nerve disorder	Cranial nerve injury	Cranial nerve paralysis	Paresis cranial nerve	Gradenigo's syndrome	Herpes zoster oticus	Cranial nerve infection	Congenital cranial nerve paralysis	IIIrd nerve injury	IIIrd nerve paralysis	IVth nerve injury	IVth nerve paralysis	VIth nerve injury	VIth nerve paralysis	IIIrd nerve disorder	VIth nerve disorder	IVth nerve paresis	IIIrd nerve paresis	IVth nerve disorder	VIth nerve paresis	Hyperacusis	Melkersson-Rosenthal syndrome	Oculofacial paralysis	VIIth nerve injury	VIIth nerve paralysis	Facial paresis	Facial nerve disorder	Facial spasm	Crocodile tears syndrome	Glossopharyngeal neuralgia	Glossopharyngeal nerve paralysis	Glossopharyngeal nerve disorder	Tongue paralysis	XIIth nerve injury	Hypoglossal nerve disorder	Hypoglossal nerve paresis	Hypoglossal nerve paralysis	Bulbar palsy	Vernet's syndrome	Palatal palsy	Anosmia	Parosmia	Hyposmia	Olfacto genital dysplasia	Olfactory nerve disorder	Optic ischaemic neuropathy	Optic nerve injury	Optic neuritis	Optic neuritis meningococcal	Toxic optic neuropathy	Optic nerve disorder	Optic neuropathy	Optic nerve hypoplasia	Geniculate ganglionitis	Herpes zoster ophthalmic	Trigeminal neuralgia	Vth nerve injury	Trigeminal palsy	Trigeminal nerve disorder	Facial neuralgia	Numb chin syndrome	Trigeminal nerve paresis	Neurotrophic keratopathy	Adductor vocal cord weakness	Vocal cord paralysis	Vocal cord paresis	Carotid sinus syndrome	Vagus nerve disorder	Ortner's syndrome	Vagus nerve paralysis	
Demyelinating disorders	Acute disseminated encephalomyelitis	Concentric sclerosis	Demyelination	Leukodystrophy	Neuromyelitis optica	Leukoencephalomyelitis	Encephalitis periaxialis diffusa	Acute haemorrhagic leukoencephalitis	Dysmyelination	Osmotic demyelination syndrome	Clinically isolated syndrome	Multiple sclerosis	Multiple sclerosis relapse	Progressive multiple sclerosis	Relapsing-remitting multiple sclerosis	Secondary progressive multiple sclerosis	Primary progressive multiple sclerosis	Progressive relapsing multiple sclerosis	Marburg's variant multiple sclerosis	Uhthoff's phenomenon	Band sensation	Krabbe's disease	Niemann-Pick disease	Refsum's disease	Adrenoleukodystrophy	Cerebrohepatorenal syndrome	Aicardi's syndrome	Cerebral autosomal dominant arteriopathy with subcortical infarcts and leukoencephalopathy	Canavan disease	Metachromatic leukodystrophy	Pelizaeus-Merzbacher disease	18q minus syndrome	
Encephalopathies	Hepatic encephalopathy	Hyperbilirubinaemia neonatal	Hypoglycaemic encephalopathy	Kernicterus	Marchiafava-Bignami disease	Reye's syndrome	Toxic encephalopathy	Uraemic encephalopathy	Wernicke's encephalopathy	Hypercapnic encephalopathy	Metabolic encephalopathy	Hyponatraemic encephalopathy	Diabetic encephalopathy	Hyperammonaemic encephalopathy	Encephalopathy	Encephalopathy allergic	Encephalopathy neonatal	Hypertensive encephalopathy	Leukoencephalopathy	AIDS encephalopathy	Periventricular leukomalacia	Opsoclonus myoclonus	MELAS syndrome	Subacute myelo-opticoneuropathy	Mitochondrial encephalomyopathy	Mitochondrial neurogastrointestinal encephalopathy	Purpura cerebri	Postresuscitation encephalopathy	Septic encephalopathy	Hashimoto's encephalopathy	Hypoxic-ischaemic encephalopathy	Posterior reversible encephalopathy syndrome	Gerstmann Straussler Scheinker syndrome	
Headaches	Chronic paroxysmal hemicrania	Drug withdrawal headache	Headache	Post-traumatic headache	Sinus headache	Temporomandibular joint syndrome	Tension headache	Vascular headache	Ophthalmoplegic migraine	Postictal headache	Cluster headache	Post lumbar puncture syndrome	SUNCT syndrome	Cervicogenic headache	Eagles syndrome	Procedural headache	Exertional headache	Cold-stimulus headache	Occipital neuralgia	Typical aura without headache	Migraine	Migraine with aura	Basilar migraine	Retinal migraine	Migraine without aura	Status migrainosus	Complicated migraine	Familial hemiplegic migraine	Hemiplegic migraine	
Increased intracranial pressure and hydrocephalus	Congenital hydrocephalus	Hydrocephalus	Normal pressure hydrocephalus	Dandy-Walker syndrome	Hypertensive hydrocephalus	Congenital aqueductal stenosis	Aqueductal stenosis	Benign intracranial hypertension	Brain compression	Intracranial pressure increased	Papilloedema	Brain oedema	Cerebrospinal thrombotic tamponade	Dialysis disequilibrium syndrome	Cerebrospinal fluid retention	Vasogenic cerebral oedema	Cytotoxic oedema	Slit ventricle syndrome	
Movement disorders (incl parkinsonism)	Athetosis	Chorea	Choreoathetosis	Sydenham's chorea	Paroxysmal choreoathetosis	Mount-Reback syndrome	Huntington's disease	Akathisia	Akinesia	Basal ganglion degeneration	Bradykinesia	Buccoglossal syndrome	Clumsiness	Dyskinesia	Dyskinesia neonatal	Dyskinesia oesophageal	Extrapyramidal disorder	Fumbling	Hyperkinesia	Hyperkinesia neonatal	Hypokinesia	Hypokinesia neonatal	Meige's syndrome	Movement disorder	Posturing	Psychomotor hyperactivity	Stereotypy	Tardive dyskinesia	Up and down phenomenon	Pseudoparalysis	Micrographia	Respiratory dyskinesia	Ballismus	Rabbit syndrome	Gross motor delay	Fine motor delay	Motor developmental delay	Alien limb syndrome	Pharyngeal dyskinesia	Psychogenic movement disorder	Congenital torticollis	Dystonia	Emprosthotonus	Oculogyric crisis	Opisthotonus	Pleurothotonus	Risus sardonicus	Torticollis	Trismus	Myotonia	Sandifer's syndrome	Spasmodic dysphonia	Oromandibular dystonia	Writer's cramp	Congenital flaccid paralysis	Diaphragmatic paralysis	Diplegia	Gait spastic	Hemiparesis	Hemiplegia	Locked-in syndrome	Monoparesis	Monoplegia	Paralysis	Paralysis flaccid	Paraparesis	Paraplegia	Paresis	Pseudobulbar palsy	Quadriplegia	Respiratory paralysis	Spastic paralysis	Thyrotoxic periodic paralysis	Tropical spastic paresis	Supranuclear palsy	Spastic paraplegia	Man-in-the-barrel syndrome	Spinal shock	Quadriparesis	Paresis anal sphincter	Proctoparalysis	Postictal paralysis	Peripheral paralysis	Somatoform disorder neurologic	Spinal cord paralysis	Acute post asthmatic amyotrophy	Spastic diplegia	Congenital hemiparesis	Peripheral nerve paresis	Peripheral nerve palsy	Cogwheel rigidity	Masked facies	On and off phenomenon	Parkinsonism	Parkinsonian crisis	Parkinsonian gait	Parkinsonian rest tremor	Freezing phenomenon	Parkinson's disease	Dopamine dysregulation syndrome	Vascular parkinsonism	Parkinsonism hyperpyrexia syndrome	Asterixis	Essential tremor	Intention tremor	Tremor	Tremor neonatal	Head titubation	Holmes tremor	Orthostatic tremor	Resting tremor	Psychogenic tremor	
Nervous system neoplasms benign	Brain stem glioma benign	Oligodendroglioma benign	Astrocytoma, low grade	Meningioma benign	Spinal meningioma benign	Benign neoplasm of pineal gland	Benign neoplasm of spinal cord	Brain neoplasm benign	Choroid plexus papilloma	Craniopharyngioma benign	Ependymoma benign	Haemangioblastoma	Intracranial haemangioma	Neurilemmoma benign	Neurofibroma	Neurofibromatosis	Prolactinoma	Cerebral haemangioma	Congenital cerebral haemangioma	Cerebral hygroma	Venous angioma of brain	Glomus jugulare tumour	Cerebellar haemangioma	Cranial nerve neoplasm benign	Nervous system neoplasm benign	Spinal haemangioma	Acoustic neuroma	Ganglioneuroma	Neuroma	Morton's neuroma	Congenital choroid plexus cyst	Arachnoid cyst	Intraneural cyst	Perineurial cyst	Congenital cerebral cyst	Cerebral cyst	Spinal meningeal cyst	Pineal gland cyst	
Nervous system neoplasms malignant and unspecified NEC	Brain neoplasm malignant	Cerebral neuroblastoma	Malignant neoplasm of spinal cord	Brain cancer metastatic	Malignant cranial nerve neoplasm	CNS germinoma	Nongerminomatous germ cell tumour of the CNS	Choroid plexus carcinoma	Brain teratoma	Anaplastic astrocytoma	Brain stem glioma	Ependymoma malignant	Glioblastoma	Glioblastoma multiforme	Gliosarcoma	Malignant oligodendroglioma	Medulloblastoma	Mixed astrocytoma-ependymoma	Mixed oligo-astrocytoma	Astrocytoma malignant	Metastatic glioma	Malignant glioma	Gliomatosis cerebri	Medulloblastoma recurrent	Haemangiopericytoma of meninges	Intracranial meningioma malignant	Meningioma malignant	Spinal meningioma malignant	Melanomatous meningitis	Aesthesioneuroblastoma	Ganglioneuroblastoma	Neurilemmoma malignant	Neuroblastoma	Neonatal neuroblastoma	Malignant nervous system neoplasm	Neuroblastoma recurrent	Primitive neuroectodermal tumour metastatic	Primitive neuroectodermal tumour	Astrocytoma	Carotid body tumour	Central nervous system dermoid tumour	Central nervous system neoplasm	Ependymoma	Glioma	Meningioma	Neurilemmoma	Non-secretory adenoma of pituitary	Oligodendroglioma	Optic nerve glioma	Secretory adenoma of pituitary	Neuroectodermal neoplasm	Brain neoplasm	Meningeal neoplasm	Nervous system neoplasm	Cerebellar tumour	Peripheral nervous system neoplasm	Spinal cord neoplasm	Glioneuronal tumour	Cerebellopontine angle tumour	Pineal germinoma	Pinealoma	Pineocytoma	Pinealoblastoma	Pineal neoplasm	Pineal parenchymal neoplasm malignant	
Neurological disorders of the eye	Blindness	Blindness cortical	Blindness transient	Blindness unilateral	Diplopia	Extraocular muscle paresis	Hemianopia	Hemianopia heteronymous	Hemianopia homonymous	Optic pathway injury	Photopsia	Scotoma	Strabismus	Strabismus congenital	Sudden visual loss	Tunnel vision	Vision blurred	Visual acuity reduced	Visual acuity reduced transiently	Visual field defect	Kearns-Sayre syndrome	Altered visual depth perception	Congenital visual acuity reduced	Visual pathway disorder	Metamorphopsia	Orbital apex syndrome	Chiasma syndrome	Dysmetropsia	Blepharospasm	Ciliary muscle spasm	Cycloplegia	Eyelid ptosis	Eyelid ptosis congenital	Eyelid sensory disorder	Lid lag	Ophthalmoplegia	Optic discs blurred	Paralytic lagophthalmos	Photophobia	Progressive external ophthalmoplegia	Pseudo-blepharoptosis	Pseudopapilloedema	Scintillating scotoma	Visual brightness	Excessive ocular convergence	Marcus Gunn syndrome	Excessive eye blinking	Diabetic ophthalmoplegia	Bell's phenomenon	Parinaud syndrome	
Neurological disorders NEC	Areflexia	Extensor plantar response	Hyperreflexia	Hyporeflexia	Reflexes abnormal	Oculocephalogyric reflex absent	Palmomental reflex	Kernig's sign	Hoffmann's sign	Glabellar reflex abnormal	Poor sucking reflex	Brudzinski's sign	Postural reflex impairment	Reappearance of infantile reflexes	Ataxia	Cerebellar ataxia	Cerebellar syndrome	Clumsy child syndrome	Congenital nystagmus	Coordination abnormal	Developmental coordination disorder	Nystagmus	Vestibular ataxia	Vestibular disorder	Balance disorder	Dysstasia	Cerebral ataxia	Saccadic eye movement	Spinocerebellar ataxia	Ocular dysmetria	Vestibular nystagmus	Cerebellar cognitive affective syndrome	Cerebellar mutism	Acalculia	Agraphia	Alexia	Aphasia	Apraxia	Confusional state	Dyslexia	Dyspraxia	Intelligence increased	Neurologic neglect syndrome	Gerstmann's syndrome	Agnosia	Hemiapraxia	Brain death	Dyscalculia	Confusion postoperative	Amusia	Amimia	Congenital oculomotor apraxia	Balint's syndrome	Dysgraphia	Central auditory processing disorder	Hemisensory neglect	Anosognosia	Symbolic dysfunction	Gait apraxia	Adams-Stokes syndrome	Altered state of consciousness	Apallic syndrome	Delayed recovery from anaesthesia	Depressed level of consciousness	Lethargy	Loss of consciousness	Sedation	Somnolence	Somnolence neonatal	Stupor	Syncope	Postictal state	Consciousness fluctuating	Neonatal oversedation	Sopor	Hyperglycaemic hyperosmolar nonketotic syndrome	Hypoglycaemic unconsciousness	Gasping syndrome	Hyperglycaemic unconsciousness	Agitated depression	Agitation	Agitation neonatal	Apnoeic attack	Clonus	Crying	Disorientation	Dizziness	Dizziness exertional	Dizziness postural	Drooling	Fontanelle bulging	Gait disturbance	Head discomfort	Heterophoria	Meningism	Myoclonus	Personality change	Pleocytosis	Posture abnormal	Presyncope	Restlessness	Thinking abnormal	Tic	Unresponsive to stimuli	Mobility decreased	Pneumocephalus	Abasia	Intracranial hypotension	Agitation postoperative	Abulia	Tongue biting	Inability to crawl	Fontanelle depressed	Gait deviation	Neuroglycopenia	Gaze palsy	Post concussion syndrome	Neurological symptom	Binocular eye movement disorder	Eye movement disorder	Grimacing	Foaming at mouth	Cerebrospinal fluid rhinorrhoea	Apparent life threatening event	Exaggerated startle response	Activation syndrome	Procedural dizziness	Post-anoxic myoclonus	Neurological decompensation	Protrusion tongue	Toe walking	Decreased eye contact	Camptocormia	Trigemino-cardiac reflex	Slow response to stimuli	Hyporesponsive to stimuli	Paediatric autoimmune neuropsychiatric disorders associated with streptococcal infection	Application site anaesthesia	Burning sensation	Burning sensation mucosal	Dysaesthesia	Fabry's disease	Formication	Hyperaesthesia	Injection site anaesthesia	Injection site paraesthesia	Paraesthesia	Paraesthesia mucosal	Lhermitte's sign	Application site hyperaesthesia	Application site paraesthesia	Oral dysaesthesia	Intranasal paraesthesia	Tinel's sign	Paraesthesia of genital male	Skin burning sensation	Paraesthesia oral	Paraesthesia of genital female	Dysaesthesia pharynx	Implant site paraesthesia	Hand-arm vibration syndrome	Acrotrophodynia	Infusion site paraesthesia	Infusion site anaesthesia	Vessel puncture site anaesthesia	Vessel puncture site paraesthesia	Burning mouth syndrome	Injection site dysaesthesia	Vaccination site paraesthesia	Burning feet syndrome	Argyll-Robertson pupils	Foster-Kennedy Syndrome	Holmes-Adie pupil	Miosis	Mydriasis	Pupil fixed	Pupillary disorder	Pupillary reflex impaired	Pupils unequal	Pupillotonia	Hippus	Floppy iris syndrome	Iridoplegia	Ageusia	Anaesthesia	Aura	Dysgeusia	Hypoaesthesia	Hypoaesthesia eye	Hypogeusia	Neuralgia	Palmar-plantar erythrodysaesthesia syndrome	Post herpetic neuralgia	Sensory disturbance	Sensory loss	Sensory integrative dysfunction	Intercostal neuralgia	Akinaesthesia	Hypoaesthesia teeth	Morton's neuralgia	Allodynia	Sphenopalatine neuralgia	Anaesthesia dolorosa	Phantom pain	Loss of proprioception	Hypoaesthesia oral	Restless legs syndrome	Decreased vibratory sense	Pharyngeal hypoaesthesia	Central pain syndrome	Complex regional pain syndrome	Hyperpathia	Visual midline shift syndrome	Paradoxical pain	Intranasal hypoaesthesia	Post-thoracotomy pain syndrome	Thermohypoaesthesia	Thermoanaesthesia	Thermohyperaesthesia	Vibratory sense increased	Genital hypoaesthesia	Hypergeusia	Incision site hypoaesthesia	Amputation stump pain	Auditory perseveration	Biernacki's sign	Aphonia	Aphonia psychogenic	Aprosody	Coprolalia	Deaf mutism	Dysarthria	Dyslalia	Dysphonia	Dysphonia psychogenic	Dysprosody	Echolalia	Incoherent	Logorrhoea	Mutism	Neologism	Repetitive speech	Selective mutism	Speech disorder	Speech disorder developmental	Verbigeration	Dysphemia	Taciturnity	Idioglossia	Posterior fossa syndrome	Slow speech	Meniere's disease	Motion sickness	Vertigo	Vertigo CNS origin	Vertigo labyrinthine	Vertigo positional	Acute vestibular syndrome	Vestibular neuronitis	Coma	Coma hepatic	Coma uraemic	Diabetic coma	Diabetic hyperglycaemic coma	Diabetic hyperosmolar coma	Diabetic ketoacidotic hyperglycaemic coma	Hypoglycaemic coma	Coma acidotic	Coma neonatal	Myxoedema coma	Traumatic coma	Coma blister	Anaesthetic complication neurological	Meningocele	Nervous system disorder	Neurotoxicity	Paraneoplastic cerebellar degeneration	Decerebration	Psychomotor skills impaired	Central nervous system lesion	Metastases to peripheral nervous system	Metastases to meninges	Cortical laminar necrosis	Nerve injury	Neurodegenerative disorder	Subdural effusion	Central nervous system mass	Cerebral disorder	Gulf war syndrome	Nerve degeneration	Neurogenic shock	Metastases to central nervous system	Hoigne's syndrome	Pseudomeningocele	Meningocele acquired	Meningeal disorder	Metastases to nervous system	Motor dysfunction	Glial scar	Spinocerebellar disorder	Congenital neurological disorder	Brain stem syndrome	Dural tear	Neuropsychiatric lupus	Multiple system atrophy	Central nervous system necrosis	Millard-Gubler syndrome	Cerebral salt-wasting syndrome	Raymond-Cestan syndrome	Minor cognitive motor disorder	Leukaemic infiltration brain	Neurological complication associated with device	Methylenetetrahydrofolate reductase deficiency	Neuropsychiatric syndrome	Paraneoplastic neurological syndrome	
Neuromuscular disorders	Adrenergic syndrome	Adrenolytic syndrome	Anticholinergic syndrome	Atonic urinary bladder	Autonomic nervous system imbalance	Bladder sphincter atony	Cholinergic syndrome	Diabetic autonomic neuropathy	Faecal incontinence	Horner's syndrome	Incontinence	Somatoform disorder cardiovascular	Sympathetic posterior cervical syndrome	Urinary incontinence	Cholinesterase inhibition	Neurogenic bowel	Diabetic gastroparesis	Sympathicotonia	Autonomic failure syndrome	Colonic pseudo-obstruction	Hypotonic urinary bladder	Autonomic neuropathy	Sympathomimetic effect	Orthostatic intolerance	Cardiac autonomic neuropathy	Congenital central hypoventilation syndrome	Neurogenic hypertension	Autonomic dysreflexia	Ross syndrome	Orthostatic hypotension	Orthostatic hypertension	Postural orthostatic tachycardia syndrome	Amyotrophic lateral sclerosis	Lower motor neurone lesion	Motor neurone disease	Progressive bulbar palsy	Progressive muscular atrophy	Spinal muscular atrophy	Upper motor neurone lesion	Pyramidal tract syndrome	Bulbospinal muscular atrophy congenital	Monomelic amyotrophy	Hereditary motor neurone disease	Drop attacks	Hypertonia	Hypotonia	Hypotonia neonatal	Muscle rigidity	Neuroleptic malignant syndrome	Serotonin syndrome	Tetanus	Tetanus neonatorum	Hypertonia neonatal	Anal sphincter atony	Floppy infant	Benign congenital hypotonia	Congenital floppy infant	Nuchal rigidity	Dysponesis	Anal sphincter hypertonia	Stiff person syndrome	Amyotrophy	Diaphragm muscle weakness	Hypotonic-hyporesponsive episode	Mastication disorder	Muscle atrophy	Muscle contractions involuntary	Muscle spasticity	Muscular weakness	Neuromyopathy	Trendelenburg's symptom	Uvular spasm	Myofascial spasm	Latent tetany	Neurological eyelid disorder	Sensorimotor disorder	Neuromuscular toxicity	Hereditary areflexic dystasia	Respiratory muscle weakness	Neuromyotonia	Myasthenia gravis	Myasthenia gravis neonatal	Myasthenic syndrome	Neuromuscular block prolonged	Neuromuscular blockade	Ocular myasthenia	Myasthenia gravis crisis	Recurrence of neuromuscular blockade	
Peripheral neuropathies	Guillain-Barre syndrome	Polyneuropathy	Miller Fisher syndrome	Critical illness polyneuropathy	Acute polyneuropathy	Sensory neuropathy hereditary	Congenital neuropathy	Axillary nerve injury	Carpal tunnel syndrome	Femoral nerve injury	Median nerve injury	Meralgia paraesthetica	Mononeuritis	Mononeuropathy multiplex	Musculocutaneous nerve injury	Nerve compression	Peroneal nerve injury	Peroneal nerve palsy	Posterior tibial nerve injury	Radial nerve injury	Radial nerve palsy	Sciatic nerve injury	Sciatic nerve palsy	Sympathetic nerve injury	Tarsal tunnel syndrome	Ulnar nerve injury	Ulnar neuritis	Ulnar neurapraxia	Sciatic nerve neuropathy	Piriformis syndrome	Femoral nerve palsy	Peroneal nerve palsy postoperative	Cubital tunnel syndrome	Ulnar tunnel syndrome	Ulnar nerve palsy	Mononeuropathy	Phrenic nerve paralysis	Obturator neuropathy	Anterior interosseous syndrome	Posterior interosseous syndrome	Peripheral nerve lesion	Pudendal canal syndrome	Long thoracic nerve palsy	Diabetic mononeuropathy	Radial nerve compression	Axonal neuropathy	Brachial plexus injury	Erb's palsy	Indeterminate leprosy	Klumpke's palsy	Lepromatous leprosy	Lumbosacral plexus injury	Lumbosacral plexus lesion	Neuralgic amyotrophy	Neuritis	Neuropathic arthropathy	Neuropathy peripheral	Peripheral motor neuropathy	Peripheral nerve injury	Peripheral sensory neuropathy	Uraemic neuropathy	Thoracic outlet syndrome	Neuropathic ulcer	Ischaemic neuropathy	POEMS syndrome	Peripheral sensorimotor neuropathy	Pancoast's syndrome	Brachial plexopathy	HIV peripheral neuropathy	Peripheral nerve infection	Slipping rib syndrome	Toxic neuropathy	Cervical plexus lesion	Radiation neuropathy	Autoimmune neuropathy	Type 1 lepra reaction	Tuberculoid leprosy	Neuronal neuropathy	Acrodynia	Diabetic amyotrophy	Diabetic neuropathic ulcer	Diabetic neuropathy	Gaucher's disease	Neuropathy vitamin B6 deficiency	Polyneuropathy alcoholic	Polyneuropathy idiopathic progressive	Polyneuropathy in malignant disease	Toxic oil syndrome	Chronic inflammatory demyelinating polyradiculoneuropathy	Diabetic foot	Diabetic foot infection	Demyelinating polyneuropathy	Polyneuropathy chronic	Multifocal motor neuropathy	Lewis-Sumner syndrome	
Seizures (incl subtypes)	Generalised non-convulsive epilepsy	Petit mal epilepsy	Grand mal convulsion	Benign familial neonatal convulsions	Automatism epileptic	Complex partial seizures	Dreamy state	Psychomotor seizures	Temporal lobe epilepsy	Uncinate fits	Epileptic psychosis	Deja vu	Simple partial seizures	Autonomic seizure	Atonic seizures	Convulsion	Convulsions local	Convulsive threshold lowered	Drug withdrawal convulsions	Eclampsia	Epilepsy	Epilepsy congenital	Epileptic aura	Febrile convulsion	Infantile spasms	Post-traumatic epilepsy	Seizure anoxic	Status epilepticus	Tonic convulsion	Hypoglycaemic seizure	Lennox-Gastaut syndrome	Frontal lobe epilepsy	Tonic clonic movements	Acquired epileptic aphasia	Clonic convulsion	Lafora's myoclonic epilepsy	Myoclonic epilepsy	Baltic myoclonic epilepsy	Partial seizures with secondary generalisation	Alcoholic seizure	Atypical benign partial epilepsy	Partial seizures	Myoclonic epilepsy and ragged-red fibres	Sudden unexplained death in epilepsy	Molybdenum cofactor deficiency	Benign rolandic epilepsy	Nonketotic hyperglycinaemia	Postictal psychosis	Seizure like phenomena	Idiopathic generalised epilepsy	Juvenile myoclonic epilepsy	Postictal depression	Seizure cluster	Hyperglycaemic seizure	Biotinidase deficiency	Early infantile epileptic encephalopathy with burst-suppression	Convulsion neonatal	Convulsion in childhood	
Sleep disturbances (incl subtypes)	Abnormal dreams	Sleep paralysis	Sleep talking	Sleep terror	Somnambulism	Abnormal sleep-related event	Loss of dreaming	Sleep-related eating disorder	Sleep sex	Sleep inertia	Confusional arousal	Advanced sleep phase	Circadian rhythm sleep disorder	Delayed sleep phase	Irregular sleep phase	Sleep phase rhythm disturbance	Terminal insomnia	Initial insomnia	Insomnia	Middle insomnia	Hyposomnia	Behavioural insomnia of childhood	Cataplexy	Hypersomnia	Narcolepsy	Central-alveolar hypoventilation	Sleep apnoea syndrome	Breathing-related sleep disorder	Pickwickian syndrome	Rapid eye movements sleep abnormal	Sudden onset of sleep	Dyssomnia	Poor quality sleep	Upper airway resistance syndrome	Periodic limb movement disorder	Fatal familial insomnia	
Spinal cord and nerve root disorders	Anterior spinal artery syndrome	Brown-Sequard syndrome	Cauda equina syndrome	Hydromyelia	Hypertonic bladder	Myelopathy	Nerve root lesion	Neurogenic bladder	Radiation myelopathy	Radiculitis brachial	Radiculopathy	Spinal claudication	Spinal column stenosis	Spinal cord compression	Spondylitic myelopathy	Subacute combined cord degeneration	Syringomyelia	Spinal cord haemorrhage	Meningoradiculitis	Spinal cord ischaemia	Radicular syndrome	Conus medullaris syndrome	Facet joint syndrome	Spinal cord infarction	Radicular pain	Spinal cord disorder	Nerve root compression	Radiculitis	Spinal cord oedema	Spinal cord herniation	Pseudoradicular syndrome	Cytomegalovirus myelomeningoradiculitis	Sensory ganglionitis	Tethered cord syndrome	Myelomalacia	Epidural lipomatosis	Cobb syndrome	Vertebral foraminal stenosis	Epidural fibrosis	Pneumorrhachis	Spinal pain	Injury to spinal cord secondary to birth trauma	Nerve root injury cervical	Nerve root injury lumbar	Nerve root injury sacral	Nerve root injury thoracic	Spinal cord injury	Spinal cord injury cauda equina	Spinal cord injury cervical	Spinal cord injury lumbar	Spinal cord injury sacral	Spinal cord injury thoracic	Traumatic spinal cord compression	Nerve root injury	Cervical cord compression	Cervical myelopathy	Cervical neuritis	Cervical root pain	Cervical spinal stenosis	Cervicobrachial syndrome	Radiculitis cervical	Post-traumatic neck syndrome	Brachioradial pruritus	Lumbar spinal stenosis	Sciatica	Radiculitis lumbosacral	Lumbar radiculopathy	Post laminectomy syndrome	
Structural brain disorders	Brain herniation	Cerebellar atrophy	Cerebral atrophy	Concussion	Congenital brain damage	Subdural hygroma	Cerebral ventricle dilatation	Cerebrospinal fistula	Encephalomalacia	Cerebral atrophy congenital	Brain mass	Brain contusion	Perinatal brain damage	Cerebrosclerosis	Craniocerebral injury	Hippocampal sclerosis	Diffuse axonal injury	Encephalolith	Cerebral calcification	Kluver-Bucy syndrome	Septo-optic dysplasia	Brain injury	Enlarged cerebral perivascular spaces	Brain midline shift	Visual cortex atrophy	
Mental impairment disorders	Dementia Alzheimer's type	Dementia of the Alzheimer's type, uncomplicated	Dementia of the Alzheimer's type, with delirium	Dementia of the Alzheimer's type, with delusions	Dementia of the Alzheimer's type, with depressed mood	Presenile dementia	Alcohol induced persisting dementia	Creutzfeldt-Jakob disease	Dementia	Progressive supranuclear palsy	Senile dementia	Vascular dementia	Variant Creutzfeldt-Jakob disease	Membranous lipodystrophy	Dementia with Lewy bodies	Frontotemporal dementia	AIDS dementia complex	Autism	Neurodevelopmental disorder	Amnesia	Anterograde amnesia	Memory impairment	Post-traumatic amnestic disorder	Retrograde amnesia	Wernicke-Korsakoff syndrome	Amnestic disorder	Transient global amnesia	Korsakoff's syndrome	Disturbance in attention	Judgement impaired	Mental impairment	Bradyphrenia	Borderline mental impairment	Cognitive disorder	Tachyphrenia	Cri du Chat syndrome	Fragile X syndrome	Galactosaemia	Mental retardation	Mild mental retardation	Moderate mental retardation	Phenylketonuria	Prader-Willi syndrome	Profound mental retardation	Rubinstein-Taybi syndrome	Severe mental retardation	Trisomy 21	Trisomy 22	Sjogren-Larsson syndrome	Cohen syndrome	Williams syndrome	Wolf-Hirschhorn syndrome	Langer-Giedion syndrome	Oculocerebrorenal syndrome	Osteoporosis-pseudoglioma syndrome	Greig's syndrome	Trisomy 18	Trisomy 17	Laurence-Moon-Bardet-Biedl syndrome	Dubowitz syndrome	Schinzel-Giedion syndrome	Kabuki make-up syndrome	CHARGE syndrome	Velo-cardio-facial syndrome	Adiposogenital dystrophy	Tetrahydrobiopterin deficiency	Norrie's disease	Trisomy 14	Mevalonic aciduria	Familial scaphocephaly syndrome	
